epoch,train_loss,valid_acc
1,1.3073633261370758,0.8359825573217049
2,0.5475665494024167,0.8328878885919258
3,0.3382571783749866,0.837670558447039
4,0.21037372346501143,0.8359825573217049
5,0.14363538395671066,0.8366858911239274
6,0.11062410087776586,0.8316218877479251
7,0.09098252807593211,0.8369672246448164
8,0.07651577280931249,0.8403432268954846
9,0.07142626485157282,0.8333098888732593
10,0.06466566774451846,0.8349978899985934
