class_name,count,mean,median
Amphibia,451,0.5421286031042128,0.0
Aves,34799,2.646369148538751,3.5
Insecta,199,0.0,0.0
Mammalia,99,1.196969696969697,0.0
Reptilia,1,0.0,0.0
