epoch,train_loss,valid_loss,valid_acc,lr
1,3.0351522910644824,2.0566631259797497,0.6133614627285513,0.0002713525491562421
2,1.7437383071326384,1.7818947192988819,0.6967651195499297,0.0001963525491562421
3,1.2336646849656643,1.7117032392450862,0.7153305203938115,0.00010364745084375788
4,0.8811049976112126,1.6919239964330917,0.7255977496483825,2.8647450843757894e-05
5,0.7143061617732849,1.6845956735134795,0.7317862165963431,0.0
